<?xml version="1.0" encoding="UTF-8"?><?xml-stylesheet type='text/xsl' href='_UpgradeReport_Files/UpgradeReport.xslt'?><UpgradeLog>
<Properties><Property Name="Solution" Value="SkeletalViewer">
</Property><Property Name="Solution File" Value="C:\Users\haseeb\Downloads\erts\report_gr_16\CS_code\SkeletalViewer.sln">
</Property><Property Name="User Options File" Value="C:\Users\haseeb\Downloads\erts\report_gr_16\CS_code\SkeletalViewer.suo">
</Property><Property Name="Date" Value="Tuesday, March 20, 2012">
</Property><Property Name="Time" Value="13:07 PM">
</Property></Properties><Event ErrorLevel="0" Project="" Source="SkeletalViewer.sln" Description="File successfully backed up as C:\Users\haseeb\Downloads\erts\report_gr_16\CS_code\Backup\SkeletalViewer.sln">
</Event><Event ErrorLevel="0" Project="" Source="SkeletalViewer.suo" Description="File successfully backed up as C:\Users\haseeb\Downloads\erts\report_gr_16\CS_code\Backup\SkeletalViewer.suo">
</Event><Event ErrorLevel="0" Project="SkeletalViewer" Source="SkeletalViewer.csproj" Description="Project file successfully backed up as C:\Users\haseeb\Downloads\erts\report_gr_16\CS_code\Backup\SkeletalViewer.csproj">
</Event><Event ErrorLevel="0" Project="SkeletalViewer" Source="App.xaml.cs" Description="File successfully backed up as C:\Users\haseeb\Downloads\erts\report_gr_16\CS_code\Backup\App.xaml.cs">
</Event><Event ErrorLevel="0" Project="SkeletalViewer" Source="MainWindow.xaml.cs" Description="File successfully backed up as C:\Users\haseeb\Downloads\erts\report_gr_16\CS_code\Backup\MainWindow.xaml.cs">
</Event><Event ErrorLevel="0" Project="SkeletalViewer" Source="Properties\AssemblyInfo.cs" Description="File successfully backed up as C:\Users\haseeb\Downloads\erts\report_gr_16\CS_code\Backup\Properties\AssemblyInfo.cs">
</Event><Event ErrorLevel="0" Project="SkeletalViewer" Source="app.config" Description="File successfully backed up as C:\Users\haseeb\Downloads\erts\report_gr_16\CS_code\Backup\app.config">
</Event><Event ErrorLevel="0" Project="SkeletalViewer" Source="App.xaml" Description="File successfully backed up as C:\Users\haseeb\Downloads\erts\report_gr_16\CS_code\Backup\App.xaml">
</Event><Event ErrorLevel="0" Project="SkeletalViewer" Source="MainWindow.xaml" Description="File successfully backed up as C:\Users\haseeb\Downloads\erts\report_gr_16\CS_code\Backup\MainWindow.xaml">
</Event><Event ErrorLevel="0" Project="SkeletalViewer" Source="SkeletalViewer.csproj" Description="The project file does not require conversion.">
</Event><Event ErrorLevel="3" Project="SkeletalViewer" Source="SkeletalViewer.csproj" Description="No Conversion Required">
</Event><Event ErrorLevel="0" Project="" Source="SkeletalViewer.sln" Description="Solution converted successfully">
</Event><Event ErrorLevel="3" Project="" Source="SkeletalViewer.sln" Description="Converted">
</Event></UpgradeLog>